"Id","Path","Slice Name","Alias(s)","Label","Min","Max","Must Support?","Is Modifier?","Is Summary?","Type(s)","Short","Definition","Comments","Requirements","Default Value","Meaning When Missing","Fixed Value","Pattern","Example","Minimum Value","Maximum Value","Maximum Length","Binding Strength","Binding Description","Binding Value Set","Code","Slicing Discriminator","Slicing Description","Slicing Ordered","Slicing Rules","Base Path","Base Min","Base Max","Condition(s)","Constraint(s)","Mapping: HCIM MedicationUse2-v1.0.1(2017EN)","Mapping: HCIM TimeInterval-v1.0(2017EN)","Mapping: HCIM InstructionsForUse-v1.1(2017EN)","Mapping: HCIM BasicElements-v1.0(2017EN)","Mapping: Medication Process v09","Mapping: Workflow Mapping","Mapping: RIM Mapping","Mapping: W5 Mapping","Mapping: HL7 v2 Mapping"
"MedicationStatement","MedicationStatement","","Medicatiegebruik
","",0,*,"","","","null {[]} {[]}
","MedicationUse","MedicationUse is a statement on the historic, current or intended use of a certain medicine.","When interpreting a medicationStatement, the value of the status and NotTaken needed to be considered:MedicationStatement.status + MedicationStatement.wasNotTakenStatus=Active + NotTaken=T = Not currently takingStatus=Completed + NotTaken=T = Not taken in the pastStatus=Intended + NotTaken=T = No intention of takingStatus=Active + NotTaken=F = Taking, but not as prescribedStatus=Active + NotTaken=F = TakingStatus=Intended +NotTaken= F = Will be taking (not started)Status=Completed + NotTaken=F = Taken in pastStatus=In Error + NotTaken=N/A = In Error.","","","","","","","","",,,,,"",,,,"MedicationStatement",0,*,"","dom-2:If the resource is contained in another resource, it SHALL NOT contain nested Resources {contained.contained.empty()}
dom-1:If the resource is contained in another resource, it SHALL NOT contain any narrative {contained.text.empty()}dom-4:If a resource is contained in another resource, it SHALL NOT have a meta.versionId or a meta.lastUpdated {contained.meta.versionId.empty() and contained.meta.lastUpdated.empty()}dom-3:If the resource is contained in another resource, it SHALL be referred to from elsewhere in the resource {contained.where(('#'+id in %resource.descendants().reference).not()).empty()}mst-1:Reason not taken is only permitted if Taken is No {reasonNotTaken.exists().not() or (taken = 'n')}","NL-CM:9.11.21338","..Event","Entity. Role, or Act","SubstanceAdministration","clinical.medication"
"MedicationStatement.id","MedicationStatement.id","","","",0,1,"","","Y","id {[]} {[]}
","Logical id of this artifact","The logical id of the resource, as used in the URL for the resource. Once assigned, this value never changes.","The only time that a resource does not have an id is when it is being submitted to the server using a create operation.","","","","","","","","",,,,,"",,,,"Resource.id",0,1,"",""
"MedicationStatement.meta","MedicationStatement.meta","","","",0,1,"","","Y","Meta {[]} {[]}
","Metadata about the resource","The metadata about the resource. This is content that is maintained by the infrastructure. Changes to the content may not always be associated with version changes to the resource.","","","","","","","","","",,,,,"",,,,"Resource.meta",0,1,"",""
"MedicationStatement.implicitRules","MedicationStatement.implicitRules","","","",0,1,"","Y","Y","uri {[]} {[]}
","A set of rules under which this content was created","A reference to a set of rules that were followed when the resource was constructed, and which must be understood when processing the content.","Asserting this rule set restricts the content to be only understood by a limited set of trading partners. This inherently limits the usefulness of the data in the long term. However, the existing health eco-system is highly fractured, and not yet ready to define, collect, and exchange data in a generally computable sense. Wherever possible, implementers and/or specification writers should avoid using this element. 

This element is labelled as a modifier because the implicit rules may provide additional knowledge about the resource that modifies it's meaning or interpretation.","","","","","","","","",,,,,"",,,,"Resource.implicitRules",0,1,"",""
"MedicationStatement.language","MedicationStatement.language","","","",0,1,"","","","code {[]} {[]}
","Language of the resource content","The base language in which the resource is written.","Language is provided to support indexing and accessibility (typically, services such as text to speech use the language tag). The html language tag in the narrative applies  to the narrative. The language tag on the resource may be used to specify the language of other presentations generated from the data in the resource  Not all the content has to be in the base language. The Resource.language should not be assumed to apply to the narrative automatically. If a language is specified, it should it also be specified on the div element in the html (see rules in HTML5 for information about the relationship between xml:lang and the html lang attribute).","","","","","","","","",,"extensible","A human language.","http://hl7.org/fhir/ValueSet/languages","",,,,"Resource.language",0,1,"",""
"MedicationStatement.text","MedicationStatement.text","","narrative
htmlxhtmldisplay","",0,1,"","","","Narrative {[]} {[]}
","Text summary of the resource, for human interpretation","A human-readable narrative that contains a summary of the resource, and may be used to represent the content of the resource to a human. The narrative need not encode all the structured data, but is required to contain sufficient detail to make it ""clinically safe"" for a human to just read the narrative. Resource definitions may define what content should be represented in the narrative to ensure clinical safety.","Contained resources do not have narrative. Resources that are not contained SHOULD have a narrative. In some cases, a resource may only have text with little or no additional discrete data (as long as all minOccurs=1 elements are satisfied).  This may be necessary for data from legacy systems where information is captured as a ""text blob"" or where text is additionally entered raw or narrated and encoded in formation is added later.","","","","","","","","",,,,,"",,,,"DomainResource.text",0,1,"dom-1
","","Act.text?"
"MedicationStatement.contained","MedicationStatement.contained","","inline resources
anonymous resourcescontained resources","",0,*,"","","","Resource {[]} {[]}
","Contained, inline Resources","These resources do not have an independent existence apart from the resource that contains them - they cannot be identified independently, and nor can they have their own independent transaction scope.","This should never be done when the content can be identified properly, as once identification is lost, it is extremely difficult (and context dependent) to restore it again.","","","","","","","","",,,,,"",,,,"DomainResource.contained",0,*,"","","N/A"
"MedicationStatement.extension","MedicationStatement.extension","","","",0,*,"","","","Extension {[]} {[]}
","Extension","An Extension","","","","","","","","","",,,,,"","value:url}
","",,"open","DomainResource.extension",0,*,"",""
"MedicationStatement.extension:asAgreedIndicator","MedicationStatement.extension","asAgreedIndicator","VolgensAfspraakIndicator
","",0,1,"","","","Extension {[CanonicalType[http://nictiz.nl/fhir/StructureDefinition/zib-MedicationUse-AsAgreedIndicator]]} {[]}
","AsAgreedIndicator","Is the medicine used as outlined in the medication agreement?","","","","","","","","","",,,,,"",,,,"DomainResource.extension",0,*,"ele-1
","ele-1:All FHIR elements must have a @value or children {hasValue() | (children().count() > id.count())}
ext-1:Must have either extensions or value[x], not both {extension.exists() != value.exists()}","NL-CM:9.11.22492","n/a","N/A"
"MedicationStatement.extension:asAgreedIndicator.id","MedicationStatement.extension.id","","","",0,1,"","","","string {[]} {[]}
","xml:id (or equivalent in JSON)","unique id for the element within a resource (for internal references). This may be any string value that does not contain spaces.","","","","","","","","","",,,,,"",,,,"Element.id",0,1,"","","n/a"
"MedicationStatement.extension:asAgreedIndicator.extension","MedicationStatement.extension.extension","","extensions
user content","",0,*,"","","","Extension {[]} {[]}
","Additional Content defined by implementations","May be used to represent additional information that is not part of the basic definition of the element. In order to make the use of extensions safe and manageable, there is a strict set of governance  applied to the definition and use of extensions. Though any implementer is allowed to define an extension, there is a set of requirements that SHALL be met as part of the definition of the extension.","There can be no stigma associated with the use of extensions by any application, project, or standard - regardless of the institution or jurisdiction that uses or defines the extensions.  The use of extensions is what allows the FHIR specification to retain a core level of simplicity for everyone.","","","","","","","","",,,,,"","value:url}
","Extensions are always sliced by (at least) url",,"open","Element.extension",0,*,"","","n/a"
"MedicationStatement.extension:asAgreedIndicator.url","MedicationStatement.extension.url","","","",1,1,"","","","uri {[]} {[]}
","identifies the meaning of the extension","Source of the definition for the extension code - a logical name or a URL.","The definition may point directly to a computable or human-readable definition of the extensibility codes, or it may be a logical URI as declared in some other specification. The definition SHALL be a URI for the Structure Definition defining the extension.","","","","<valueUri xmlns=""http://hl7.org/fhir"" value=""http://nictiz.nl/fhir/StructureDefinition/zib-MedicationUse-AsAgreedIndicator""/>","","","","",,,,,"",,,,"Extension.url",1,1,"","","N/A"
"MedicationStatement.extension:asAgreedIndicator.value[x]","MedicationStatement.extension.value[x]","","","",0,1,"","","","boolean {[]} {[]}
","Value of extension","Value of extension - may be a resource or one of a constrained set of the data types (see Extensibility in the spec for list).","","","","","","","","","",,,,,"","type:$this}
","",,"closed","Extension.value[x]",0,1,"","","N/A"
"MedicationStatement.extension:asAgreedIndicator.value[x]:valueBoolean","MedicationStatement.extension.value[x]","valueBoolean","","",0,1,"","","","boolean {[]} {[]}
","Value of extension","Value of extension - may be a resource or one of a constrained set of the data types (see Extensibility in the spec for list).","","","","","","","<valueBoolean xmlns=""http://hl7.org/fhir"" value=""true""/>","","",,,,,"",,,,"Extension.value[x]",0,1,"","","N/A"
"MedicationStatement.extension:prescriber","MedicationStatement.extension","prescriber","Voorschrijver
","",0,1,"","","","Extension {[CanonicalType[http://nictiz.nl/fhir/StructureDefinition/zib-MedicationUse-Prescriber]]} {[]}
","Prescriber","The health professional that entered the medication agreement with the patient.","The health professional's specialty, role, and organization are captured and communicated through the PractitionerRole Resource based on the nl-core-practitionerrole profile.","","","","","","","","",,,,,"",,,,"DomainResource.extension",0,*,"ele-1
","ele-1:All FHIR elements must have a @value or children {hasValue() | (children().count() > id.count())}
ext-1:Must have either extensions or value[x], not both {extension.exists() != value.exists()}","NL-CM:9.11.23290"
"MedicationStatement.extension:author","MedicationStatement.extension","author","Auteur
","",0,1,"","","","Extension {[CanonicalType[http://nictiz.nl/fhir/StructureDefinition/zib-MedicationUse-Author]]} {[]}
","Author","The author of this MedicationStatement. This is either a patient, a health professional or a healthcare provicer.","The health professional's specialty, role, and organization are captured and communicated through the PractitionerRole Resource based on the nl-core-practitionerrole profile.","","","","","","","","",,,,,"",,,,"DomainResource.extension",0,*,"ele-1
","ele-1:All FHIR elements must have a @value or children {hasValue() | (children().count() > id.count())}
ext-1:Must have either extensions or value[x], not both {extension.exists() != value.exists()}","NL-CM:0.0.7","n/a","N/A"
"MedicationStatement.extension:medicationTreatment","MedicationStatement.extension","medicationTreatment","Medicamenteuze Behandeling
","",0,1,"","","","Extension {[CanonicalType[http://nictiz.nl/fhir/StructureDefinition/zib-Medication-MedicationTreatment]]} {[]}
","Medical Treatment","This extension is to describe which overarching medical treatment this information is part of. This is done by the use of an identifier of that medical treatment.","No HCIM concept is available for this element. Therefore a mapping to the relevant element Medication Process data element is provided.","","","","","","","","",,,,,"",,,,"DomainResource.extension",0,*,"ele-1
","ele-1:All FHIR elements must have a @value or children {hasValue() | (children().count() > id.count())}
ext-1:Must have either extensions or value[x], not both {extension.exists() != value.exists()}","mp-dataelement900-22092","n/a","N/A"
"MedicationStatement.extension:reasonForChangeOrDiscontinuationOfUse","MedicationStatement.extension","reasonForChangeOrDiscontinuationOfUse","RedenWijzigenOfStoppenGebruik
Reden wijzigen of stoppen gebruik","",0,*,"","","","Extension {[CanonicalType[http://nictiz.nl/fhir/StructureDefinition/zib-MedicationUse-ReasonForChangeOrDiscontinuationOfUse]]} {[]}
","ReasonForChangeOrDiscontinuationOfUse","Reason for changing or discontinuing use of medication.","","","","","","","","","",,,,,"",,,,"DomainResource.extension",0,*,"ele-1
","ele-1:All FHIR elements must have a @value or children {hasValue() | (children().count() > id.count())}
ext-1:Must have either extensions or value[x], not both {extension.exists() != value.exists()}","n/a","N/A"
"MedicationStatement.extension:reasonForChangeOrDiscontinuationOfUse.id","MedicationStatement.extension.id","","","",0,1,"","","","string {[]} {[]}
","xml:id (or equivalent in JSON)","unique id for the element within a resource (for internal references). This may be any string value that does not contain spaces.","","","","","","","","","",,,,,"",,,,"Element.id",0,1,"","","n/a"
"MedicationStatement.extension:reasonForChangeOrDiscontinuationOfUse.extension","MedicationStatement.extension.extension","","extensions
user content","",0,*,"","","","Extension {[]} {[]}
","Additional Content defined by implementations","May be used to represent additional information that is not part of the basic definition of the element. In order to make the use of extensions safe and manageable, there is a strict set of governance  applied to the definition and use of extensions. Though any implementer is allowed to define an extension, there is a set of requirements that SHALL be met as part of the definition of the extension.","There can be no stigma associated with the use of extensions by any application, project, or standard - regardless of the institution or jurisdiction that uses or defines the extensions.  The use of extensions is what allows the FHIR specification to retain a core level of simplicity for everyone.","","","","","","","","",,,,,"","value:url}
","Extensions are always sliced by (at least) url",,"open","Element.extension",0,*,"","","n/a"
"MedicationStatement.extension:reasonForChangeOrDiscontinuationOfUse.url","MedicationStatement.extension.url","","","",1,1,"","","","uri {[]} {[]}
","identifies the meaning of the extension","Source of the definition for the extension code - a logical name or a URL.","The definition may point directly to a computable or human-readable definition of the extensibility codes, or it may be a logical URI as declared in some other specification. The definition SHALL be a URI for the Structure Definition defining the extension.","","","","<valueUri xmlns=""http://hl7.org/fhir"" value=""http://nictiz.nl/fhir/StructureDefinition/zib-MedicationUse-ReasonForChangeOrDiscontinuationOfUse""/>","","","","",,,,,"",,,,"Extension.url",1,1,"","","N/A"
"MedicationStatement.extension:reasonForChangeOrDiscontinuationOfUse.value[x]","MedicationStatement.extension.value[x]","","","",0,1,"","","","CodeableConcept {[]} {[]}
","Value of extension","Value of extension - may be a resource or one of a constrained set of the data types (see Extensibility in the spec for list).","","","","","","","","","",,,,,"","type:$this}
","",,"closed","Extension.value[x]",0,1,"","","N/A"
"MedicationStatement.extension:reasonForChangeOrDiscontinuationOfUse.value[x]:valueCodeableConcept","MedicationStatement.extension.value[x]","valueCodeableConcept","Reden wijzigen of stoppen gebruik
","",0,1,"","","","CodeableConcept {[]} {[]}
","ReasonForChangeOrDiscontinuationOfUse","Reason for changing or discontinuing use of medication.","","","","","","","<valueCodeableConcept xmlns=""http://hl7.org/fhir"">
  <coding>
    <system value=""http://snomed.info/sct""/>
    <code value=""79899007""/>
    <display value=""Drug interaction (finding)""/>
  </coding>
</valueCodeableConcept>","","",,"extensible","","http://decor.nictiz.nl/fhir/ValueSet/2.16.840.1.113883.2.4.3.11.60.40.2.9.11.2--20171231000000","",,,,"Extension.value[x]",0,1,"","","NL-CM:9.11.22493","N/A"
"MedicationStatement.modifierExtension","MedicationStatement.modifierExtension","","","",0,*,"","Y","","Extension {[]} {[]}
","Extension","An Extension","","","","","","","","","",,,,,"","value:url}
","",,"open","DomainResource.modifierExtension",0,*,"",""
"MedicationStatement.modifierExtension:repeatPeriodCyclicalSchedule","MedicationStatement.modifierExtension","repeatPeriodCyclicalSchedule","","HerhaalperiodeCyclischSchema",0,1,"","Y","","Extension {[CanonicalType[http://nictiz.nl/fhir/StructureDefinition/zib-Medication-RepeatPeriodCyclicalSchedule]]} {[]}
","RepeatPeriodCyclicalSchedule","The repeated period in a cyclical schedule (of one or more dosing instructions). A cyclic schedule is noted in days, the corresponding dosing duration is also in days.

Examples of a cyclical schedule: contraceptive pill (21 days, 1 pill 1x a day, then skip for 7 days, repeat), repeat period here is 28 days.
RepeatPeriodCyclicalSchedule","","","","","","","","","",,,,,"",,,,"DomainResource.modifierExtension",0,*,"ele-1
","ele-1:All FHIR elements must have a @value or children {hasValue() | (children().count() > id.count())}
ext-1:Must have either extensions or value[x], not both {extension.exists() != value.exists()}","NL-CM:9.12.22505"
"MedicationStatement.identifier","MedicationStatement.identifier","","","",0,*,"","","Y","Identifier {[]} {[]}
","External identifier","External identifier - FHIR will generate its own internal identifiers (probably URLs) which do not need to be explicitly managed by the resource.  The identifier here is one that would be used by another non-FHIR system - for example an automated medication pump would provide a record each time it operated; an administration while the patient was off the ward might be made with a different system and entered after the event.  Particularly important if these records have to be updated.","","","","","","","","","",,,,,"",,,,"MedicationStatement.identifier",0,*,"","","NL-CM:0.0.6","…identifer",".id","id"
"MedicationStatement.basedOn","MedicationStatement.basedOn","","","",0,*,"","","Y","Reference {[]} {[CanonicalType[http://hl7.org/fhir/StructureDefinition/MedicationRequest], CanonicalType[http://hl7.org/fhir/StructureDefinition/CarePlan], CanonicalType[http://hl7.org/fhir/StructureDefinition/ProcedureRequest], CanonicalType[http://hl7.org/fhir/StructureDefinition/ReferralRequest]]}
","Fulfils plan, proposal or order","A plan, proposal or order that is fulfilled in whole or in part by this event.","","Allows tracing of authorization for the event and tracking whether proposals/recommendations were acted upon.","","","","","","","",,,,,"",,,,"MedicationStatement.basedOn",0,*,"","","…basedOn",".outboundRelationship[typeCode=FLFS].target[classCode=SBADM or PROC or PCPR or OBS, moodCode=RQO orPLAN or PRP]"
"MedicationStatement.partOf","MedicationStatement.partOf","","","",0,*,"","","Y","Reference {[]} {[CanonicalType[http://hl7.org/fhir/StructureDefinition/MedicationAdministration], CanonicalType[http://hl7.org/fhir/StructureDefinition/MedicationDispense], CanonicalType[http://hl7.org/fhir/StructureDefinition/MedicationStatement], CanonicalType[http://hl7.org/fhir/StructureDefinition/Procedure], CanonicalType[http://hl7.org/fhir/StructureDefinition/Observation]]}
","Part of referenced event","A larger event of which this particular event is a component or step.","","This should not be used when indicating which resource a MedicationStatement has been derived from.  If that is the use case, then MedicationStatement.derivedFrom should be used.","","","","","","","",,,,,"",,,,"MedicationStatement.partOf",0,*,"","","…part of",".outboundRelationship[typeCode=COMP]/target[classCode=SPLY or SBADM or PROC or OBS,moodCode=EVN]"
"MedicationStatement.context","MedicationStatement.context","","","",0,1,"","","Y","Reference {[]} {[CanonicalType[http://hl7.org/fhir/StructureDefinition/Encounter], CanonicalType[http://hl7.org/fhir/StructureDefinition/EpisodeOfCare]]}
","Encounter / Episode associated with MedicationStatement","The encounter or episode of care that establishes the context for this MedicationStatement.","","","","","","","","","",,,,,"",,,,"MedicationStatement.context",0,1,"","","…context",".inboundRelationship[typeCode=COMP].source[classCode=ENC, moodCode=EVN, code=""type of encounter or episode""]"
"MedicationStatement.status","MedicationStatement.status","","MedicatieGebruikStopType
","",1,1,"","Y","Y","code {[]} {[]}
","MedicationUseStopType","A code representing the patient or other source's judgment about the state of the medication used that this statement is about.  Generally this will be active or completed.","MedicationStatement is a statement at a point in time. The status is only representative at the point when it was asserted. The value set for MedicationStatement.status contains codes that assert the status of the use of the medication by the patient (for example, stopped or on hold) as well as codes that assert the status of the medication statement itself (for example, entered in error).

This element is labeled as a modifier because the status contains codes that mark the resource as not currently valid.

This element is also used for the concept 'Stop type'; the manner in which this medication is discontinued (temporary or definitive).","","","","","","","","",,"required","Allergy Intolerance critically Code list","http://hl7.org/fhir/ValueSet/medication-statement-status","",,,,"MedicationStatement.status",1,1,"","","NL-CM:9.11.23132","…status",".statusCode","status"
"MedicationStatement.category","MedicationStatement.category","","","",1,1,"","","Y","CodeableConcept {[]} {[]}
","Type of medication usage","Indicates where type of medication statement and where the medication is expected to be consumed or administered.","","","","","","","","","",,"preferred","A coded concept identifying where the medication included in the medicationstatement is expected to be consumed or administered","http://hl7.org/fhir/ValueSet/medication-statement-category","",,,,"MedicationStatement.category",0,1,"","",".inboundRelationship[typeCode=COMP].source[classCode=OBS, moodCode=EVN, code=""type of medication usage""].value","class"
"MedicationStatement.category.id","MedicationStatement.category.id","","","",0,1,"","","","string {[]} {[]}
","xml:id (or equivalent in JSON)","unique id for the element within a resource (for internal references). This may be any string value that does not contain spaces.","","","","","","","","","",,,,,"",,,,"Element.id",0,1,"","","n/a"
"MedicationStatement.category.extension","MedicationStatement.category.extension","","extensions
user content","",0,*,"","","","Extension {[]} {[]}
","Additional Content defined by implementations","May be used to represent additional information that is not part of the basic definition of the element. In order to make the use of extensions safe and manageable, there is a strict set of governance  applied to the definition and use of extensions. Though any implementer is allowed to define an extension, there is a set of requirements that SHALL be met as part of the definition of the extension.","There can be no stigma associated with the use of extensions by any application, project, or standard - regardless of the institution or jurisdiction that uses or defines the extensions.  The use of extensions is what allows the FHIR specification to retain a core level of simplicity for everyone.","","","","","","","","",,,,,"","value:url}
","Extensions are always sliced by (at least) url",,"open","Element.extension",0,*,"","","n/a"
"MedicationStatement.category.coding","MedicationStatement.category.coding","","","",0,*,"","","Y","Coding {[]} {[]}
","Code defined by a terminology system","A reference to a code defined by a terminology system.","Codes may be defined very casually in enumerations, or code lists, up to very formal definitions such as SNOMED CT - see the HL7 v3 Core Principles for more information.  Ordering of codings is undefined and SHALL NOT be used to infer meaning. Generally, at most only one of the coding values will be labeled as UserSelected = true.","Allows for translations and alternate encodings within a code system.  Also supports communication of the same instance to systems requiring different encodings.","","","","","","","",,,,,"","value:code}
","",,"open","CodeableConcept.coding",0,*,"","","union(., ./translation)","C*E.1-8, C*E.10-22"
"MedicationStatement.category.coding:medicationUseCode","MedicationStatement.category.coding","medicationUseCode","","",0,*,"","","Y","Coding {[]} {[]}
","MedicationUseCode","Category code used for indexing/retrieval of the HCIM MedicationUse. The system and code are stated in the Medication Process v09.","Codes may be defined very casually in enumerations, or code lists, up to very formal definitions such as SNOMED CT - see the HL7 v3 Core Principles for more information.  Ordering of codings is undefined and SHALL NOT be used to infer meaning. Generally, at most only one of the coding values will be labeled as UserSelected = true.","Allows for translations and alternate encodings within a code system.  Also supports communication of the same instance to systems requiring different encodings.","","","","","","","",,,,,"",,,,"CodeableConcept.coding",0,*,"","","union(., ./translation)","C*E.1-8, C*E.10-22"
"MedicationStatement.category.coding:medicationUseCode.id","MedicationStatement.category.coding.id","","","",0,1,"","","","string {[]} {[]}
","xml:id (or equivalent in JSON)","unique id for the element within a resource (for internal references). This may be any string value that does not contain spaces.","","","","","","","","","",,,,,"",,,,"Element.id",0,1,"","","n/a"
"MedicationStatement.category.coding:medicationUseCode.extension","MedicationStatement.category.coding.extension","","extensions
user content","",0,*,"","","","Extension {[]} {[]}
","Additional Content defined by implementations","May be used to represent additional information that is not part of the basic definition of the element. In order to make the use of extensions safe and manageable, there is a strict set of governance  applied to the definition and use of extensions. Though any implementer is allowed to define an extension, there is a set of requirements that SHALL be met as part of the definition of the extension.","There can be no stigma associated with the use of extensions by any application, project, or standard - regardless of the institution or jurisdiction that uses or defines the extensions.  The use of extensions is what allows the FHIR specification to retain a core level of simplicity for everyone.","","","","","","","","",,,,,"","value:url}
","Extensions are always sliced by (at least) url",,"open","Element.extension",0,*,"","","n/a"
"MedicationStatement.category.coding:medicationUseCode.system","MedicationStatement.category.coding.system","","","",0,1,"","","Y","uri {[]} {[]}
","Identity of the terminology system","The identification of the code system that defines the meaning of the symbol in the code.","The URI may be an OID (urn:oid:...) or a UUID (urn:uuid:...).  OIDs and UUIDs SHALL be references to the HL7 OID registry. Otherwise, the URI should come from HL7's list of FHIR defined special URIs or it should de-reference to some definition that establish the system clearly and unambiguously.","Need to be unambiguous about the source of the definition of the symbol.","","","<valueUri xmlns=""http://hl7.org/fhir"" value=""urn:oid:2.16.840.1.113883.2.4.3.11.60.20.77.5.3""/>","","","","",,,,,"",,,,"Coding.system",0,1,"","","./codeSystem","C*E.3"
"MedicationStatement.category.coding:medicationUseCode.version","MedicationStatement.category.coding.version","","","",0,1,"","","Y","string {[]} {[]}
","Version of the system - if relevant","The version of the code system which was used when choosing this code. Note that a well-maintained code system does not need the version reported, because the meaning of codes is consistent across versions. However this cannot consistently be assured. and when the meaning is not guaranteed to be consistent, the version SHOULD be exchanged.","Where the terminology does not clearly define what string should be used to identify code system versions, the recommendation is to use the date (expressed in FHIR date format) on which that version was officially published as the version date.","","","","","","","","",,,,,"",,,,"Coding.version",0,1,"","","./codeSystemVersion","C*E.7"
"MedicationStatement.category.coding:medicationUseCode.code","MedicationStatement.category.coding.code","","","",0,1,"","","Y","code {[]} {[]}
","Symbol in syntax defined by the system","A symbol in syntax defined by the system. The symbol may be a predefined code or an expression in a syntax defined by the coding system (e.g. post-coordination).","","Need to refer to a particular code in the system.","","","<valueCode xmlns=""http://hl7.org/fhir"" value=""6""/>","","","","",,,,,"",,,,"Coding.code",0,1,"","","./code","C*E.1"
"MedicationStatement.category.coding:medicationUseCode.display","MedicationStatement.category.coding.display","","","",0,1,"","","Y","string {[]} {[]}
","Representation defined by the system","A representation of the meaning of the code in the system, following the rules of the system.","","Need to be able to carry a human-readable meaning of the code for readers that do not know  the system.","","","","","","","",,,,,"",,,,"Coding.display",0,1,"","","CV.displayName","C*E.2 - but note this is not well followed"
"MedicationStatement.category.coding:medicationUseCode.userSelected","MedicationStatement.category.coding.userSelected","","","",0,1,"","","Y","boolean {[]} {[]}
","If this coding was chosen directly by the user","Indicates that this coding was chosen by a user directly - i.e. off a pick list of available items (codes or displays).","Amongst a set of alternatives, a directly chosen code is the most appropriate starting point for new translations. There is some ambiguity about what exactly 'directly chosen' implies, and trading partner agreement may be needed to clarify the use of this element and its consequences more completely.","This has been identified as a clinical safety criterium - that this exact system/code pair was chosen explicitly, rather than inferred by the system based on some rules or language processing.","","","","","","","",,,,,"",,,,"Coding.userSelected",0,1,"","","CD.codingRationale","Sometimes implied by being first"
"MedicationStatement.category.text","MedicationStatement.category.text","","","",0,1,"Y","","Y","string {[]} {[]}
","Plain text representation of the concept","A human language representation of the concept as seen/selected/uttered by the user who entered the data and/or which represents the intended meaning of the user.","Very often the text is the same as a displayName of one of the codings.","The codes from the terminologies do not always capture the correct meaning with all the nuances of the human using them, or sometimes there is no appropriate code at all. In these cases, the text is used to capture the full meaning of the source.","","","","","","","",,,,,"",,,,"CodeableConcept.text",0,1,"","","./originalText[mediaType/code=""text/plain""]/data","C*E.9. But note many systems use C*E.2 for this"
"MedicationStatement.medication[x]","MedicationStatement.medication[x]","","","",1,1,"","","Y","Reference {[]} {[]}
","What medication was taken","Identifies the medication being administered. This is either a link to a resource representing the details of the medication or a simple attribute carrying a code that identifies the medication from a known list of medications.","If only a code is specified, then it needs to be a code for a specific product. If more information is required, then the use of the medication resource is recommended.  For example if you require form or lot number, then you must reference the Medication resource. .","","","","","","","","",,,,,"","type:$this}
","",,"closed","MedicationStatement.medication[x]",1,1,"","","…code",".participation[typeCode=CSM].role[classCode=ADMM or MANU]","what"
"MedicationStatement.medication[x]:medicationReference","MedicationStatement.medication[x]","medicationReference","Gebruiksproduct
","",1,1,"","","Y","Reference {[]} {[CanonicalType[http://nictiz.nl/fhir/StructureDefinition/zib-Product]]}
","ProductUsed","Identifies the medication being administered. This is either a link to a resource representing the details of the medication or a simple attribute carrying a code that identifies the medication from a known list of medications.","","","","","","","","","",,,,,"",,,,"MedicationStatement.medication[x]",1,1,"","","NL-CM:9.11.21339","…code",".participation[typeCode=CSM].role[classCode=ADMM or MANU]","what"
"MedicationStatement.medication[x]:medicationReference.id","MedicationStatement.medication[x].id","","","",0,1,"","","","string {[]} {[]}
","xml:id (or equivalent in JSON)","unique id for the element within a resource (for internal references). This may be any string value that does not contain spaces.","","","","","","","","","",,,,,"",,,,"Element.id",0,1,"","","n/a"
"MedicationStatement.medication[x]:medicationReference.extension","MedicationStatement.medication[x].extension","","extensions
user content","",0,*,"","","","Extension {[]} {[]}
","Additional Content defined by implementations","May be used to represent additional information that is not part of the basic definition of the element. In order to make the use of extensions safe and manageable, there is a strict set of governance  applied to the definition and use of extensions. Though any implementer is allowed to define an extension, there is a set of requirements that SHALL be met as part of the definition of the extension.","There can be no stigma associated with the use of extensions by any application, project, or standard - regardless of the institution or jurisdiction that uses or defines the extensions.  The use of extensions is what allows the FHIR specification to retain a core level of simplicity for everyone.","","","","","","","","",,,,,"","value:url}
","Extensions are always sliced by (at least) url",,"open","Element.extension",0,*,"","","n/a"
"MedicationStatement.medication[x]:medicationReference.reference","MedicationStatement.medication[x].reference","","","",0,1,"","","Y","string {[]} {[]}
","Literal reference, Relative, internal or absolute URL","A reference to a location at which the other resource is found. The reference may be a relative reference, in which case it is relative to the service base URL, or an absolute URL that resolves to the location where the resource is found. The reference may be version specific or not. If the reference is not to a FHIR RESTful server, then it should be assumed to be version specific. Internal fragment references (start with '#') refer to contained resources.","Using absolute URLs provides a stable scalable approach suitable for a cloud/web context, while using relative/logical references provides a flexible approach suitable for use when trading across closed eco-system boundaries.   Absolute URLs do not need to point to a FHIR RESTful server, though this is the preferred approach. If the URL conforms to the structure ""/[type]/[id]"" then it should be assumed that the reference is to a FHIR RESTful server.","","","","","","","","",,,,,"",,,,"Reference.reference",0,1,"ref-1
","","N/A"
"MedicationStatement.medication[x]:medicationReference.identifier","MedicationStatement.medication[x].identifier","","","",0,1,"","","Y","Identifier {[]} {[]}
","Logical reference, when literal reference is not known","An identifier for the other resource. This is used when there is no way to reference the other resource directly, either because the entity is not available through a FHIR server, or because there is no way for the author of the resource to convert a known identifier to an actual location. There is no requirement that a Reference.identifier point to something that is actually exposed as a FHIR instance, but it SHALL point to a business concept that would be expected to be exposed as a FHIR instance, and that instance would need to be of a FHIR resource type allowed by the reference.","When an identifier is provided in place of a reference, any system processing the reference will only be able to resolve the identifier to a reference if it understands the business context in which the identifier is used. Sometimes this is global (e.g. a national identifier) but often it is not. For this reason, none of the useful mechanisms described for working with references (e.g. chaining, includes) are possible, nor should servers be expected to be able resolve the reference. Servers may accept an identifier based reference untouched, resolve it, and/or reject it - see CapabilityStatement.rest.resource.referencePolicy. 

When both an identifier and a literal reference are provided, the literal reference is preferred. Applications processing the resource are allowed - but not required - to check that the identifier matches the literal reference

Applications converting a logical reference to a literal reference may choose to leave the logical reference present, or remove it.","","","","","","","","",,,,,"",,,,"Reference.identifier",0,1,"","",".identifier"
"MedicationStatement.medication[x]:medicationReference.display","MedicationStatement.medication[x].display","","","",0,1,"Y","","Y","string {[]} {[]}
","Text alternative for the resource","Plain text narrative that identifies the resource in addition to the resource reference.","This is generally not the same as the Resource.text of the referenced resource.  The purpose is to identify what's being referenced, not to fully describe it.","","","","","","","","",,,,,"",,,,"Reference.display",0,1,"","","N/A"
"MedicationStatement.effective[x]","MedicationStatement.effective[x]","","","",0,1,"","","Y","Period {[]} {[]}
","The date/time or interval when the medication was taken","The interval of time during which it is being asserted that the patient was taking the medication (or was not taking, when the wasNotGiven element is true).","This attribute reflects the period over which the patient consumed the medication and is expected to be populated on the majority of Medication Statements. If the medication is still being taken at the time the statement is recorded, the ""end"" date will be omitted.","","","","","","","","",,,,,"","type:$this}
","",,"closed","MedicationStatement.effective[x]",0,1,"","","…occurrence[x]",".effectiveTime","when.done"
"MedicationStatement.effective[x]:effectivePeriod","MedicationStatement.effective[x]","effectivePeriod","Gebruiksperiode
","",0,1,"","","Y","Period {[]} {[]}
","PeriodOfUse","Medication use can be recorded for a certain moment or over a certain period. Thus, medication use can be recorded multiple times during the use of medication. The usage period is the period or moment over which the data is recorded.

Start date: This is the time at which the agreement was to take effect (or took effect or will take effect). 

Duration: The intended duration of use. E.g. 5 days or 8 weeks. It is not allowed to indicate the duration in months, because different months have a variable duration in days. 

End date: The time at which the period of use ends (or ended or will end). To avoid confusion between 'to' and 'up to', the submission of time is always mandatory for the end date.","This attribute reflects the period over which the patient consumed the medication and is expected to be populated on the majority of Medication Statements. If the medication is still being taken at the time the statement is recorded, the ""end"" date will be omitted.","","","","","","","","",,,,,"",,,,"MedicationStatement.effective[x]",0,1,"","","NL-CM:9.11.22663","NL-CM:0.0.14","…occurrence[x]",".effectiveTime","when.done"
"MedicationStatement.effective[x]:effectivePeriod.id","MedicationStatement.effective[x].id","","","",0,1,"","","","string {[]} {[]}
","xml:id (or equivalent in JSON)","unique id for the element within a resource (for internal references). This may be any string value that does not contain spaces.","","","","","","","","","",,,,,"",,,,"Element.id",0,1,"","","n/a"
"MedicationStatement.effective[x]:effectivePeriod.extension","MedicationStatement.effective[x].extension","","","",0,*,"","","","Extension {[]} {[]}
","Extension","An Extension","","","","","","","","","",,,,,"","value:url}
","Extensions are always sliced by (at least) url",,"open","Element.extension",0,*,"",""
"MedicationStatement.effective[x]:effectivePeriod.extension:Duration","MedicationStatement.effective[x].extension","Duration","tijdsDuur
","",0,1,"","","","Extension {[CanonicalType[http://nictiz.nl/fhir/StructureDefinition/zib-MedicationUse-Duration]]} {[]}
","Duration","The intended duration of use. E.g. 5 days or 8 weeks. It is not allowed to indicate the duration in months, because different months have a variable duration in days.","","","","","","","","","",,,,,"",,,,"Element.extension",0,*,"","","n/a","N/A"
"MedicationStatement.effective[x]:effectivePeriod.extension:Duration.id","MedicationStatement.effective[x].extension.id","","","",0,1,"","","","string {[]} {[]}
","xml:id (or equivalent in JSON)","unique id for the element within a resource (for internal references). This may be any string value that does not contain spaces.","","","","","","","","","",,,,,"",,,,"Element.id",0,1,"","","n/a"
"MedicationStatement.effective[x]:effectivePeriod.extension:Duration.extension","MedicationStatement.effective[x].extension.extension","","extensions
user content","",0,*,"","","","Extension {[]} {[]}
","Additional Content defined by implementations","May be used to represent additional information that is not part of the basic definition of the element. In order to make the use of extensions safe and manageable, there is a strict set of governance  applied to the definition and use of extensions. Though any implementer is allowed to define an extension, there is a set of requirements that SHALL be met as part of the definition of the extension.","There can be no stigma associated with the use of extensions by any application, project, or standard - regardless of the institution or jurisdiction that uses or defines the extensions.  The use of extensions is what allows the FHIR specification to retain a core level of simplicity for everyone.","","","","","","","","",,,,,"","value:url}
","Extensions are always sliced by (at least) url",,"open","Element.extension",0,*,"","","n/a"
"MedicationStatement.effective[x]:effectivePeriod.extension:Duration.url","MedicationStatement.effective[x].extension.url","","","",1,1,"","","","uri {[]} {[]}
","identifies the meaning of the extension","Source of the definition for the extension code - a logical name or a URL.","The definition may point directly to a computable or human-readable definition of the extensibility codes, or it may be a logical URI as declared in some other specification. The definition SHALL be a URI for the Structure Definition defining the extension.","","","","<valueUri xmlns=""http://hl7.org/fhir"" value=""http://nictiz.nl/fhir/StructureDefinition/zib-MedicationUse-Duration""/>","","","","",,,,,"",,,,"Extension.url",1,1,"","","N/A"
"MedicationStatement.effective[x]:effectivePeriod.extension:Duration.value[x]","MedicationStatement.effective[x].extension.value[x]","","","",0,1,"","","","Duration {[]} {[]}
","Value of extension","Value of extension - may be a resource or one of a constrained set of the data types (see Extensibility in the spec for list).","","","","","","","","","",,,,,"","type:$this}
","",,"closed","Extension.value[x]",0,1,"","","N/A"
"MedicationStatement.effective[x]:effectivePeriod.extension:Duration.value[x]:valueDuration","MedicationStatement.effective[x].extension.value[x]","valueDuration","Gebruiksduur
","",0,1,"","","","Duration {[]} {[]}
","UsageDuration","Value of extension - may be a resource or one of a constrained set of the data types (see Extensibility in the spec for list).","","","","","","","<valueDuration xmlns=""http://hl7.org/fhir"">
  <value value=""3""/>
  <unit value=""day""/>
  <system value=""http://unitsofmeasure.org""/>
  <code value=""d""/>
</valueDuration>","","",,,,,"",,,,"Extension.value[x]",0,1,"","","N/A"
"MedicationStatement.effective[x]:effectivePeriod.start","MedicationStatement.effective[x].start","","Ingangsdatum
","",0,1,"","","Y","dateTime {[]} {[]}
","StartDate","This is the time at which the agreement was to take effect (or took effect or will take effect).","If the low element is missing, the meaning is that the low boundary is not known.","","","","","","","","",,,,,"",,,,"Period.start",0,1,"per-1
","","NL-CM:20.3.2","./low","DR.1"
"MedicationStatement.effective[x]:effectivePeriod.end","MedicationStatement.effective[x].end","","Einddatum
","",0,1,"","","Y","dateTime {[]} {[]}
","EndDate","The time at which the period of use ends (or ended or will end). To avoid confusion between 'to' and 'up to', the submission of time is always mandatory for the end date.","The high value includes any matching date/time. i.e. 2012-02-03T10:00:00 is in a period that has a end value of 2012-02-03.","","","If the end of the period is missing, it means that the period is ongoing","","","","","",,,,,"",,,,"Period.end",0,1,"per-1
","","NL-CM:20.3.3","./high","DR.2"
"MedicationStatement.dateAsserted","MedicationStatement.dateAsserted","","Registratiedatum
","",1,1,"Y","","Y","dateTime {[]} {[]}
","MedicationUseDateTime","Date on which this use is entered.","","","","","","","<valueDateTime xmlns=""http://hl7.org/fhir"" value=""2017-06-14""/>","","",,,,,"",,,,"MedicationStatement.dateAsserted",0,1,"","","NL-CM:9.11.22398",".participation[typeCode=AUT].time","when.recorded"
"MedicationStatement.informationSource","MedicationStatement.informationSource","","","",0,1,"","","","Reference {[]} {[CanonicalType[http://fhir.nl/fhir/StructureDefinition/nl-core-patient], CanonicalType[http://fhir.nl/fhir/StructureDefinition/nl-core-practitioner], CanonicalType[http://fhir.nl/fhir/StructureDefinition/nl-core-relatedperson], CanonicalType[http://fhir.nl/fhir/StructureDefinition/nl-core-organization]]}
","Person or organization that provided the information about the taking of this medication","The person or organization that provided the information about the taking of this medication. Note: Use derivedFrom when a MedicationStatement is derived from other resources, e.g Claim or MedicationRequest.","If a health professional is the informationSource the PractitionerRole reference extension can be used for a PractitionerRole reference. The health professional's specialty, role, and organization are captured and communicated through the PractitionerRole Resource based on the nl-core-practitionerrole profile.","","","","","","","","",,,,,"",,,,"MedicationStatement.informationSource",0,1,"","","NL-CM:0.0.2",".participation[typeCode=INF].role[classCode=PAT, or codes for Practioner or Related Person (if PAT is the informer, then syntax for self-reported =true)","who.source"
"MedicationStatement.informationSource.id","MedicationStatement.informationSource.id","","","",0,1,"","","","string {[]} {[]}
","xml:id (or equivalent in JSON)","unique id for the element within a resource (for internal references). This may be any string value that does not contain spaces.","","","","","","","","","",,,,,"",,,,"Element.id",0,1,"","","n/a"
"MedicationStatement.informationSource.extension","MedicationStatement.informationSource.extension","","","",0,*,"","","","Extension {[]} {[]}
","Extension","An Extension","","","","","","","","","",,,,,"","value:url}
","Extensions are always sliced by (at least) url",,"open","Element.extension",0,*,"",""
"MedicationStatement.informationSource.extension:practitionerRole","MedicationStatement.informationSource.extension","practitionerRole","","",0,1,"","","","Extension {[CanonicalType[http://nictiz.nl/fhir/StructureDefinition/practitionerrole-reference]]} {[]}
","Optional Extensions Element","Optional Extension Element - found in all resources.","","","","","","","","","",,,,,"",,,,"Element.extension",0,*,"","","n/a","N/A"
"MedicationStatement.informationSource.reference","MedicationStatement.informationSource.reference","","","",0,1,"","","Y","string {[]} {[]}
","Literal reference, Relative, internal or absolute URL","A reference to a location at which the other resource is found. The reference may be a relative reference, in which case it is relative to the service base URL, or an absolute URL that resolves to the location where the resource is found. The reference may be version specific or not. If the reference is not to a FHIR RESTful server, then it should be assumed to be version specific. Internal fragment references (start with '#') refer to contained resources.","Using absolute URLs provides a stable scalable approach suitable for a cloud/web context, while using relative/logical references provides a flexible approach suitable for use when trading across closed eco-system boundaries.   Absolute URLs do not need to point to a FHIR RESTful server, though this is the preferred approach. If the URL conforms to the structure ""/[type]/[id]"" then it should be assumed that the reference is to a FHIR RESTful server.","","","","","","","","",,,,,"",,,,"Reference.reference",0,1,"ref-1
","","N/A"
"MedicationStatement.informationSource.identifier","MedicationStatement.informationSource.identifier","","","",0,1,"","","Y","Identifier {[]} {[]}
","Logical reference, when literal reference is not known","An identifier for the other resource. This is used when there is no way to reference the other resource directly, either because the entity is not available through a FHIR server, or because there is no way for the author of the resource to convert a known identifier to an actual location. There is no requirement that a Reference.identifier point to something that is actually exposed as a FHIR instance, but it SHALL point to a business concept that would be expected to be exposed as a FHIR instance, and that instance would need to be of a FHIR resource type allowed by the reference.","When an identifier is provided in place of a reference, any system processing the reference will only be able to resolve the identifier to a reference if it understands the business context in which the identifier is used. Sometimes this is global (e.g. a national identifier) but often it is not. For this reason, none of the useful mechanisms described for working with references (e.g. chaining, includes) are possible, nor should servers be expected to be able resolve the reference. Servers may accept an identifier based reference untouched, resolve it, and/or reject it - see CapabilityStatement.rest.resource.referencePolicy. 

When both an identifier and a literal reference are provided, the literal reference is preferred. Applications processing the resource are allowed - but not required - to check that the identifier matches the literal reference

Applications converting a logical reference to a literal reference may choose to leave the logical reference present, or remove it.","","","","","","","","",,,,,"",,,,"Reference.identifier",0,1,"","",".identifier"
"MedicationStatement.informationSource.display","MedicationStatement.informationSource.display","","","",0,1,"","","Y","string {[]} {[]}
","Text alternative for the resource","Plain text narrative that identifies the resource in addition to the resource reference.","This is generally not the same as the Resource.text of the referenced resource.  The purpose is to identify what's being referenced, not to fully describe it.","","","","","","","","",,,,,"",,,,"Reference.display",0,1,"","","N/A"
"MedicationStatement.subject","MedicationStatement.subject","","","",1,1,"","","Y","Reference {[]} {[CanonicalType[http://fhir.nl/fhir/StructureDefinition/nl-core-patient]]}
","Who is/was taking  the medication","The person, animal or group who is/was taking the medication.","","","","","","","","","",,,,,"",,,,"MedicationStatement.subject",1,1,"","","NL-CM:0.0.11","…subject",".participation[typeCode=SBJ].role[classCode=PAT]","who","PID-3-Patient ID List"
"MedicationStatement.derivedFrom","MedicationStatement.derivedFrom","","","",0,*,"","","","Reference {[]} {[CanonicalType[http://hl7.org/fhir/StructureDefinition/Resource]]}
","Additional supporting information","Allows linking the MedicationStatement to the underlying MedicationRequest, or to other information that supports or is used to derive the MedicationStatement.","Likely references would be to MedicationRequest, MedicationDispense, Claim, Observation or QuestionnaireAnswers.  The most common use cases for deriving a MedicationStatement comes from creating a MedicationStatement from a MedicationRequest or from a lab observation or a claim.  it should be noted that the amount of information that is available varies from the type resource that you derive the MedicationStatement from.","","","","","","","","",,,,,"",,,,"MedicationStatement.derivedFrom",0,*,"","",".outboundRelationship[typeCode=SPRT]/target[classCode=ACT,moodCode=EVN]"
"MedicationStatement.taken","MedicationStatement.taken","","GebruikIndicator
","",1,1,"","Y","Y","code {[]} {[]}
","UseIndicator","Is this medicine used or not?","This element is labeled as a modifier because it indicates that the medication was not taken.","","","","","","<valueCode xmlns=""http://hl7.org/fhir"" value=""y""/>","","",,"required","A coded concept identifying level of certainty if patient has taken or has not taken the medication","http://hl7.org/fhir/ValueSet/medication-statement-taken","",,,,"MedicationStatement.taken",1,1,"","","NL-CM:9.11.22399","…notDone",".actionNegationInd"
"MedicationStatement.reasonNotTaken","MedicationStatement.reasonNotTaken","","","",0,*,"","","","CodeableConcept {[]} {[]}
","True if asserting medication was not given","A code indicating why the medication was not taken.","","","","","","","","","",,"example","A coded concept indicating the reason why the medication was not taken","http://hl7.org/fhir/ValueSet/reason-medication-not-taken-codes","",,,,"MedicationStatement.reasonNotTaken",0,*,"mst-1
","",".outboundRelationship[typeCode=RSON]/target[classCode=OBS,moodCode=EVN, code=""reason not taken""].value"
"MedicationStatement.reasonCode","MedicationStatement.reasonCode","","","",0,*,"","","","CodeableConcept {[]} {[]}
","Reason for why the medication is being/was taken","A reason for why the medication is being/was taken.","This could be a diagnosis code. If a full condition record exists or additional detail is needed, use reasonForUseReference.","","","","","","","","",,"example","A coded concept identifying why the medication is being taken.","http://hl7.org/fhir/ValueSet/condition-code","",,,,"MedicationStatement.reasonCode",0,*,"","","…reasoneCodeableConcept",".reasonCode","why"
"MedicationStatement.reasonCode.id","MedicationStatement.reasonCode.id","","","",0,1,"","","","string {[]} {[]}
","xml:id (or equivalent in JSON)","unique id for the element within a resource (for internal references). This may be any string value that does not contain spaces.","","","","","","","","","",,,,,"",,,,"Element.id",0,1,"","","n/a"
"MedicationStatement.reasonCode.extension","MedicationStatement.reasonCode.extension","","extensions
user content","",0,*,"","","","Extension {[]} {[]}
","Additional Content defined by implementations","May be used to represent additional information that is not part of the basic definition of the element. In order to make the use of extensions safe and manageable, there is a strict set of governance  applied to the definition and use of extensions. Though any implementer is allowed to define an extension, there is a set of requirements that SHALL be met as part of the definition of the extension.","There can be no stigma associated with the use of extensions by any application, project, or standard - regardless of the institution or jurisdiction that uses or defines the extensions.  The use of extensions is what allows the FHIR specification to retain a core level of simplicity for everyone.","","","","","","","","",,,,,"","value:url}
","Extensions are always sliced by (at least) url",,"open","Element.extension",0,*,"","","n/a"
"MedicationStatement.reasonCode.coding","MedicationStatement.reasonCode.coding","","","",0,*,"","","Y","Coding {[]} {[]}
","Code defined by a terminology system","A reference to a code defined by a terminology system.","Codes may be defined very casually in enumerations, or code lists, up to very formal definitions such as SNOMED CT - see the HL7 v3 Core Principles for more information.  Ordering of codings is undefined and SHALL NOT be used to infer meaning. Generally, at most only one of the coding values will be labeled as UserSelected = true.","Allows for translations and alternate encodings within a code system.  Also supports communication of the same instance to systems requiring different encodings.","","","","","","","",,,,,"",,,,"CodeableConcept.coding",0,*,"","","union(., ./translation)","C*E.1-8, C*E.10-22"
"MedicationStatement.reasonCode.text","MedicationStatement.reasonCode.text","","RedenGebruik
","",0,1,"","","Y","string {[]} {[]}
","ReasonForUse","The reason for using the medication, particularly in self-care medicine purchased by the patient themselves.","Very often the text is the same as a displayName of one of the codings.","The codes from the terminologies do not always capture the correct meaning with all the nuances of the human using them, or sometimes there is no appropriate code at all. In these cases, the text is used to capture the full meaning of the source.","","","","","","","",,,,,"",,,,"CodeableConcept.text",0,1,"","","NL-CM:9.11.22491","./originalText[mediaType/code=""text/plain""]/data","C*E.9. But note many systems use C*E.2 for this"
"MedicationStatement.reasonReference","MedicationStatement.reasonReference","","","",0,*,"","","","Reference {[]} {[CanonicalType[http://hl7.org/fhir/StructureDefinition/Condition], CanonicalType[http://hl7.org/fhir/StructureDefinition/Observation]]}
","Condition or observation that supports why the medication is being/was taken","Condition or observation that supports why the medication is being/was taken.","This is a reference to a condition that is the reason why the medication is being/was taken.  If only a code exists, use reasonForUseCode.","","","","","","","","",,,,,"",,,,"MedicationStatement.reasonReference",0,*,"","","…reasonReference",".outboundRelationship[typeCode=RSON]/target[classCode=OBS,moodCode=EVN, code=""reason for use""].value","why"
"MedicationStatement.note","MedicationStatement.note","","Toelichting
","",0,*,"","","","Annotation {[]} {[]}
","Comment","Comments on the medication use.","","","","","","","","","",,,,,"",,,,"MedicationStatement.note",0,*,"","","NL-CM:9.11.21624","…note",".inboundRelationship[typeCode=SUBJ]/source[classCode=OBS,moodCode=EVN,code=""annotation""].value"
"MedicationStatement.dosage","MedicationStatement.dosage","","Gebruiksinstructie
","",0,*,"","","","Dosage {[CanonicalType[http://nictiz.nl/fhir/StructureDefinition/zib-InstructionsForUse]]} {[]}
","InstructionsForUse","Instructions for the use of the medication, e.g. dose and route of administration. In the event of medication use, this is the pattern of use established by the patient or which the patient followed","The wiki page https://informatiestandaarden.nictiz.nl/wiki/mp:V9.0_Voorbeelden_doseringen provides dosage instruction examples. These examples consists of functional data and their representation in FHIR and CDA.","","","","","","","","",,,,,"",,,,"MedicationStatement.dosage",0,*,"ele-1
","ele-1:All FHIR elements must have a @value or children {hasValue() | (children().count() > id.count())}
","NL-CM:9.11.22504","NL-CM:9.12.22504","n/a",".outboundRelationship[typeCode=COMP].target[classCode=SBADM, moodCode=INT]"
"MedicationStatement.dosage.id","MedicationStatement.dosage.id","","","",0,1,"","","","string {[]} {[]}
","xml:id (or equivalent in JSON)","unique id for the element within a resource (for internal references). This may be any string value that does not contain spaces.","","","","","","","","","",,,,,"",,,,"Element.id",0,1,"","","n/a"
"MedicationStatement.dosage.extension","MedicationStatement.dosage.extension","","extensions
user content","",0,*,"","","","Extension {[]} {[]}
","Additional Content defined by implementations","May be used to represent additional information that is not part of the basic definition of the element. In order to make the use of extensions safe and manageable, there is a strict set of governance  applied to the definition and use of extensions. Though any implementer is allowed to define an extension, there is a set of requirements that SHALL be met as part of the definition of the extension.","There can be no stigma associated with the use of extensions by any application, project, or standard - regardless of the institution or jurisdiction that uses or defines the extensions.  The use of extensions is what allows the FHIR specification to retain a core level of simplicity for everyone.","","","","","","","","",,,,,"","value:url}
","Extensions are always sliced by (at least) url",,"open","Element.extension",0,*,"","","n/a"
"MedicationStatement.dosage.sequence","MedicationStatement.dosage.sequence","","Volgnummer
","",0,1,"","","Y","integer {[]} {[]}
","SequenceNumber","This indicates the sequence of the dosing instructions within the medication agreement.","","If the sequence number of multiple Dosages is the same, then it is implied that the instructions are to be treated as concurrent.  If the sequence number is different, then the Dosages are intended to be sequential.","","","","","","","",,,,,"",,,,"Dosage.sequence",0,1,"","","NL-CM:9.12.22503",".text"
"MedicationStatement.dosage.text","MedicationStatement.dosage.text","","Omschrijving
","",0,1,"Y","","Y","string {[]} {[]}
","Description","Textual description of the complete instructions for use including the period of use.","","Free text dosage instructions can be used for cases where the instructions are too complex to code.  The content of this attribute does not include the name or description of the medication. When coded instructions are present, the free text instructions may still be present for display to humans taking or administering the medication. It is expected that the text instructions will always be populated.  If the dosage.timing attribute is also populated, then the dosage.text should reflect the same information as the timing.","","","","","","","",,,,,"",,,,"Dosage.text",0,1,"","","NL-CM:9.12.9581",".text"
"MedicationStatement.dosage.additionalInstruction","MedicationStatement.dosage.additionalInstruction","","AanvullendeInstructie
","",0,*,"","","Y","CodeableConcept {[]} {[]}
","AdditionalInstructions","The additional instructions contain extra information on the use of or considerations for the current prescription. This can also include all instructions for use. The text can come from the original 'paper' medication prescription, but can also be generated from the coded information. This concept may contain more information than what is structurally coded in the information below, but may not conflict with it.                  The instructions may not conflict with other components of the request for administration. The instructions can also refer to an existing protocol.                                  The G standard contains many texts that can support this attribute, in for example G standard table 362, which contains texts from the general practitioners’ standard WCIA table 25. If desired, these texts can be used to structure this concept.","","Additional instruction such as ""Swallow with plenty of water"" which may or may not be coded.","","","","","","","",,"extensible","","http://decor.nictiz.nl/fhir/ValueSet/2.16.840.1.113883.2.4.3.11.60.20.77.11.9--20160407000000","",,,,"Dosage.additionalInstruction",0,*,"","","NL-CM:9.12.19944",".text"
"MedicationStatement.dosage.patientInstruction","MedicationStatement.dosage.patientInstruction","","","",0,1,"","","Y","string {[]} {[]}
","Patient or consumer oriented instructions","Instructions in terms that are understood by the patient or consumer.","","","","","","","","","",,,,,"",,,,"Dosage.patientInstruction",0,1,"","",".text"
"MedicationStatement.dosage.timing","MedicationStatement.dosage.timing","","Toedieningsschema
","",0,1,"","","","Timing {[CanonicalType[http://nictiz.nl/fhir/StructureDefinition/zib-AdministrationSchedule]]} {[]}
","AdministeringSchedule","Specifications of the times at which the medication is to be administered. This is indicated as follows:                  Time(s) (16:00) or indications (“before meals”) at which the medication is to be taken each day.                 A specific number of times the medication is to be taken each day (“3x a day“), indicated with the frequency                 A time interval between consecutive doses (“Every 2 hours”, “every 3 days”), indicated with the word Interval.                 Combined periods with an interval and duration (“1 daily for three out of four weeks: the pill schedule”)                                                   If a certain medication is not to be taken daily, the aforementioned can be combined with daily indications:                  One or more week days on which the medication is to be administered (e.g. “Monday, Wednesday, Friday”)                 ”3x a week”, “2x a month”.                                                   The specified administration “infinite” is automatically to be repeated until:                  The end date and time has been reached                 The total administration duration has been reached (14 days)                                                   A specific amount of administrations has been reached (“20 doses”, “one-time only”), to be entered in the NumberOfDoses concept.","A timing schedule can be either a list of events - intervals on which the event occurs, or a single event with repeating criteria or just repeating criteria with no actual event.  When both event and a repeating specification are provided, the list of events should be understood as an interpretation of the information in the repeat structure.","The timing schedule for giving the medication to the patient. The Schedule data type allows many different expressions. For example: ""Every 8 hours""; ""Three times a day""; ""1/2 an hour before breakfast for 10 days from 23-Dec 2011:""; ""15 Oct 2013, 17 Oct 2013 and 1 Nov 2013"".  Sometimes, a rate can imply duration when expressed as total volume / duration (e.g.  500mL/2 hours implies a duration of 2 hours).  However, when rate doesn't imply duration (e.g. 250mL/hour), then the timing.repeat.duration is needed to convey the infuse over time period.","","","","","","","",,,,,"",,,,"Dosage.timing",0,1,"ele-1
","ele-1:All FHIR elements must have a @value or children {hasValue() | (children().count() > id.count())}
","NL-CM:9.12.19948","n/a","QSET<TS> (GTS)","N/A"
"MedicationStatement.dosage.asNeeded[x]","MedicationStatement.dosage.asNeeded[x]","","","",0,1,"","","Y","CodeableConcept {[]} {[]}
","Take ""as needed"" (for x)","Indicates whether the Medication is only taken when needed within a specific dosing schedule (Boolean option), or it indicates the precondition for taking the Medication (CodeableConcept).","Can express ""as needed"" without a reason by setting the Boolean = True.  In this case the CodeableConcept is not populated.  Or you can express ""as needed"" with a reason by including the CodeableConcept.  In this case the Boolean is assumed to be True.  If you set the Boolean to False, then the dose is given according to the schedule and is not ""prn"" or ""as needed"".","","","","","","","","",,"example","A coded concept identifying the precondition that should be met or evaluated prior to consuming or administering a medication dose.  For example ""pain"", ""30 minutes prior to sexual intercourse"", ""on flare-up"" etc.","http://hl7.org/fhir/ValueSet/medication-as-needed-reason","","type:$this}
","",,"closed","Dosage.asNeeded[x]",0,1,"","",".outboundRelationship[typeCode=PRCN].target[classCode=OBS, moodCode=EVN, code=""as needed""].value=boolean or codable concept"
"MedicationStatement.dosage.asNeeded[x]:asNeededCodeableConcept","MedicationStatement.dosage.asNeeded[x]","asNeededCodeableConcept","Zo nodig
Criterium","",0,1,"","","Y","CodeableConcept {[]} {[]}
","AsNeeded","As needed means that the dose is only to be administered under certain conditions.","Using the term 'as needed' or a specific reason (eg 'in case of pain') to use medication leads to ambiguity. It is not always clear whether the whole dose is 'as needed' or only part of the dose. For example: 1x daily 1-2 tablets as needed. This can mean: 1 tablet fixed per day and 1 tablet as needed or, as needed, a maximum of 2 tablets.As needed medication is not included in GDS. In the first situation, 1 tablet comes in the GDS (drug dispensing systems) and 1 tablet is delivered separately. In the second situation there is only separate delivery.The system must make sufficiently clear whether the entire instruction or part of the dose is necessary. The HCIM supports both options described above.","","","","","","","","",,"extensible","ZonodigCriteriumCodelijst","http://decor.nictiz.nl/fhir/ValueSet/2.16.840.1.113883.2.4.3.11.60.40.2.9.12.4--20171231000000","",,,,"Dosage.asNeeded[x]",0,1,"","","NL-CM:9.12.22512","NL-CM:9.12.19945",".outboundRelationship[typeCode=PRCN].target[classCode=OBS, moodCode=EVN, code=""as needed""].value=boolean or codable concept"
"MedicationStatement.dosage.site","MedicationStatement.dosage.site","","","",0,1,"","","Y","CodeableConcept {[]} {[]}
","Body site to administer to","Body site to administer to.","If the use case requires attributes from the BodySite resource (e.g. to identify and track separately) then use the standard extension [body-site-instance](http://hl7.org/fhir/STU3/extension-body-site-instance.html).  May be a summary code, or a reference to a very precise definition of the location, or both.","A coded specification of the anatomic site where the medication first enters the body.","","","","","","","",,"example","A coded concept describing the site location the medicine enters into or onto the body.","http://hl7.org/fhir/ValueSet/approach-site-codes","",,,,"Dosage.site",0,1,"","",".approachSiteCode"
"MedicationStatement.dosage.route","MedicationStatement.dosage.route","","Toedieningsweg
","",0,1,"","","Y","CodeableConcept {[]} {[]}
","RouteOfAdministration","The route through which the medication is administered (oral, nasal, intravenous, etc.)","","A code specifying the route or physiological path of administration of a therapeutic agent into or onto a patient's body.","","","","","<valueCodeableConcept xmlns=""http://hl7.org/fhir"">
  <coding>
    <system value=""urn:oid:2.16.840.1.113883.2.4.4.9""/>
    <code value=""oraal""/>
    <display value=""Oraal""/>
  </coding>
</valueCodeableConcept>","","",,"extensible","ToedieningswegCodelijst","http://decor.nictiz.nl/fhir/ValueSet/2.16.840.1.113883.2.4.3.11.60.40.2.9.12.1--20171231000000","",,,,"Dosage.route",0,1,"","","NL-CM:9.12.19941",".routeCode"
"MedicationStatement.dosage.route.id","MedicationStatement.dosage.route.id","","","",0,1,"","","","string {[]} {[]}
","xml:id (or equivalent in JSON)","unique id for the element within a resource (for internal references). This may be any string value that does not contain spaces.","","","","","","","","","",,,,,"",,,,"Element.id",0,1,"","","n/a"
"MedicationStatement.dosage.route.extension","MedicationStatement.dosage.route.extension","","extensions
user content","",0,*,"","","","Extension {[]} {[]}
","Additional Content defined by implementations","May be used to represent additional information that is not part of the basic definition of the element. In order to make the use of extensions safe and manageable, there is a strict set of governance  applied to the definition and use of extensions. Though any implementer is allowed to define an extension, there is a set of requirements that SHALL be met as part of the definition of the extension.","There can be no stigma associated with the use of extensions by any application, project, or standard - regardless of the institution or jurisdiction that uses or defines the extensions.  The use of extensions is what allows the FHIR specification to retain a core level of simplicity for everyone.","","","","","","","","",,,,,"","value:url}
","Extensions are always sliced by (at least) url",,"open","Element.extension",0,*,"","","n/a"
"MedicationStatement.dosage.route.coding","MedicationStatement.dosage.route.coding","","","",0,*,"","","Y","Coding {[]} {[]}
","Code defined by a terminology system","A reference to a code defined by a terminology system.","Codes may be defined very casually in enumerations, or code lists, up to very formal definitions such as SNOMED CT - see the HL7 v3 Core Principles for more information.  Ordering of codings is undefined and SHALL NOT be used to infer meaning. Generally, at most only one of the coding values will be labeled as UserSelected = true.","Allows for translations and alternate encodings within a code system.  Also supports communication of the same instance to systems requiring different encodings.","","","","","","","",,,,,"",,,,"CodeableConcept.coding",0,*,"","","union(., ./translation)","C*E.1-8, C*E.10-22"
"MedicationStatement.dosage.route.text","MedicationStatement.dosage.route.text","","","",0,1,"Y","","Y","string {[]} {[]}
","Plain text representation of the concept","A human language representation of the concept as seen/selected/uttered by the user who entered the data and/or which represents the intended meaning of the user.","Very often the text is the same as a displayName of one of the codings.","The codes from the terminologies do not always capture the correct meaning with all the nuances of the human using them, or sometimes there is no appropriate code at all. In these cases, the text is used to capture the full meaning of the source.","","","","","","","",,,,,"",,,,"CodeableConcept.text",0,1,"","","./originalText[mediaType/code=""text/plain""]/data","C*E.9. But note many systems use C*E.2 for this"
"MedicationStatement.dosage.method","MedicationStatement.dosage.method","","","",0,1,"","","Y","CodeableConcept {[]} {[]}
","Technique for administering medication","Technique for administering medication.","Terminologies used often pre-coordinate this term with the route and or form of administration.","A coded value indicating the method by which the medication is introduced into or onto the body. Most commonly used for injections.  For examples, Slow Push; Deep IV.","","","","","","","",,"example","A coded concept describing the technique by which the medicine is administered.","http://hl7.org/fhir/ValueSet/administration-method-codes","",,,,"Dosage.method",0,1,"","",".doseQuantity"
"MedicationStatement.dosage.dose[x]","MedicationStatement.dosage.dose[x]","","Keerdosis
","",0,1,"","","Y","Range {[]} {[]}
Quantity {[CanonicalType[http://hl7.org/fhir/StructureDefinition/SimpleQuantity]]} {[]}","Dose","The dose indicates the dose amount per administration. 
 
The dosage is described in the unit accompanying the product; usually, this is just a number of units or doses. Liquids and other divisible products will usually include a unit of volume (preferably ""ml""). 
 
In many cases, the prescriber will want to indicate the dose in units of weight of the active ingredient.  
 
If only the ingredient is included and not the product, then the amount of that ingredient will be given. Paracetamol 1000mg is equivalent to 2 Paracetamol 500mg tablets or units. 
 
The dosage is sometimes given as a calculation, in which the patient’s body weight or body surface area is used as a parameter. The calculation is however no more than an aid in reaching a decision. 
 
In the event of constant administration, sometimes the dose is given in addition to the administration speed (infusion rate) (e.g. 20ml in a syringe or 500ml in a bag), but it is often also omitted. 
 
A general dosage recommendation such as ‘Use according to protocol’ or ‘See instructions’ can be sufficient. In that case, no dose is given.","Note that this specifies the quantity of the specified medication, not the quantity for each active ingredient(s). Each ingredient amount can be communicated in the Medication resource. For example, if one wants to communicate that a tablet was 375 mg, where the dose was one tablet, you can use the Medication resource to document that the tablet was comprised of 375 mg of drug XYZ. Alternatively if the dose was 375 mg, then you may only need to use the Medication resource to indicate this was a tablet. If the example were an IV such as dopamine and you wanted to communicate that 400mg of dopamine was mixed in 500 ml of some IV solution, then this would all be communicated in the Medication resource. If the administration is not intended to be instantaneous (rate is present or timing has a duration), this can be specified to convey the total amount to be administered over the period of time as indicated by the schedule e.g. 500 ml in dose, with timing used to convey that this should be done over 4 hours.","The amount of therapeutic or other substance given at one administration event.","","","","","","","",,,,,"","type:$this}
","",,"closed","Dosage.dose[x]",0,1,"","","NL-CM:9.12.19940",".doseQuantity"
"MedicationStatement.dosage.dose[x]:doseQuantity","MedicationStatement.dosage.dose[x]","doseQuantity","","",0,1,"","","","Quantity {[CanonicalType[http://hl7.org/fhir/StructureDefinition/SimpleQuantity]]} {[]}
","A fixed quantity (no comparator)","The comparator is not used on a SimpleQuantity","The context of use may frequently define what kind of quantity this is and therefore what kind of units can be used. The context of use may also restrict the values for the comparator.","The amount of therapeutic or other substance given at one administration event.","","","","","","","",,"required","GstdTabel902","http://decor.nictiz.nl/fhir/ValueSet/2.16.840.1.113883.2.4.3.11.60.20.77.11.27--20160830202453","",,,,"Dosage.dose[x]",0,1,"ele-1
","ele-1:All FHIR elements must have a @value or children {hasValue() | (children().count() > id.count())}
qty-3:If a code for the unit is present, the system SHALL also be present {code.empty() or system.exists()}sqty-1:The comparator is not used on a SimpleQuantity {comparator.empty()}","n/a","PQ, IVL<PQ>, MO, CO, depending on the values","SN (see also Range) or CQ"
"MedicationStatement.dosage.dose[x]:doseRange","MedicationStatement.dosage.dose[x]","doseRange","","",0,1,"","","Y","Range {[]} {[]}
","Amount of medication per dose","Amount of medication per dose.","Note that this specifies the quantity of the specified medication, not the quantity for each active ingredient(s). Each ingredient amount can be communicated in the Medication resource. For example, if one wants to communicate that a tablet was 375 mg, where the dose was one tablet, you can use the Medication resource to document that the tablet was comprised of 375 mg of drug XYZ. Alternatively if the dose was 375 mg, then you may only need to use the Medication resource to indicate this was a tablet. If the example were an IV such as dopamine and you wanted to communicate that 400mg of dopamine was mixed in 500 ml of some IV solution, then this would all be communicated in the Medication resource. If the administration is not intended to be instantaneous (rate is present or timing has a duration), this can be specified to convey the total amount to be administered over the period of time as indicated by the schedule e.g. 500 ml in dose, with timing used to convey that this should be done over 4 hours.","The amount of therapeutic or other substance given at one administration event.","","","","","","","",,,,,"",,,,"Dosage.dose[x]",0,1,"","",".doseQuantity"
"MedicationStatement.dosage.dose[x]:doseRange.id","MedicationStatement.dosage.dose[x].id","","","",0,1,"","","","string {[]} {[]}
","xml:id (or equivalent in JSON)","unique id for the element within a resource (for internal references). This may be any string value that does not contain spaces.","","","","","","","","","",,,,,"",,,,"Element.id",0,1,"","","n/a"
"MedicationStatement.dosage.dose[x]:doseRange.extension","MedicationStatement.dosage.dose[x].extension","","extensions
user content","",0,*,"","","","Extension {[]} {[]}
","Additional Content defined by implementations","May be used to represent additional information that is not part of the basic definition of the element. In order to make the use of extensions safe and manageable, there is a strict set of governance  applied to the definition and use of extensions. Though any implementer is allowed to define an extension, there is a set of requirements that SHALL be met as part of the definition of the extension.","There can be no stigma associated with the use of extensions by any application, project, or standard - regardless of the institution or jurisdiction that uses or defines the extensions.  The use of extensions is what allows the FHIR specification to retain a core level of simplicity for everyone.","","","","","","","","",,,,,"","value:url}
","Extensions are always sliced by (at least) url",,"open","Element.extension",0,*,"","","n/a"
"MedicationStatement.dosage.dose[x]:doseRange.low","MedicationStatement.dosage.dose[x].low","","","",0,1,"","","Y","Quantity {[CanonicalType[http://hl7.org/fhir/StructureDefinition/SimpleQuantity]]} {[]}
","Low limit","The low limit. The boundary is inclusive.","If the low element is missing, the low boundary is not known.","","","","","","","","",,"required","GstdTabel902","http://decor.nictiz.nl/fhir/ValueSet/2.16.840.1.113883.2.4.3.11.60.20.77.11.27--20160830202453","",,,,"Range.low",0,1,"rng-2
","","./low","NR.1"
"MedicationStatement.dosage.dose[x]:doseRange.high","MedicationStatement.dosage.dose[x].high","","","",0,1,"","","Y","Quantity {[CanonicalType[http://hl7.org/fhir/StructureDefinition/SimpleQuantity]]} {[]}
","High limit","The high limit. The boundary is inclusive.","If the high element is missing, the high boundary is not known.","","","","","","","","",,"required","GstdTabel902","http://decor.nictiz.nl/fhir/ValueSet/2.16.840.1.113883.2.4.3.11.60.20.77.11.27--20160830202453","",,,,"Range.high",0,1,"rng-2
","","./high","NR.2"
"MedicationStatement.dosage.maxDosePerPeriod","MedicationStatement.dosage.maxDosePerPeriod","","Maximale dosering
Maximale dosis (per dag enz.)","",0,1,"","","Y","Ratio {[]} {[]}
","MaximumDose","A maximum dose indicates the maximum duration a product can be used with an ‘as needed’ prescription.

For example:
- Max 6 units per day
- Max 200ml per week","This is intended for use as an adjunct to the dosage when there is an upper cap.  For example ""2 tablets every 4 hours to a maximum of 8/day"".","The maximum total quantity of a therapeutic substance that may be administered to a subject over the period of time.  For example, 1000mg in 24 hours.","","","","","","","",,,,,"",,,,"Dosage.maxDosePerPeriod",0,1,"","","NL-CM:9.12.19946",".maxDoseQuantity"
"MedicationStatement.dosage.maxDosePerPeriod.id","MedicationStatement.dosage.maxDosePerPeriod.id","","","",0,1,"","","","string {[]} {[]}
","xml:id (or equivalent in JSON)","unique id for the element within a resource (for internal references). This may be any string value that does not contain spaces.","","","","","","","","","",,,,,"",,,,"Element.id",0,1,"","","n/a"
"MedicationStatement.dosage.maxDosePerPeriod.extension","MedicationStatement.dosage.maxDosePerPeriod.extension","","extensions
user content","",0,*,"","","","Extension {[]} {[]}
","Additional Content defined by implementations","May be used to represent additional information that is not part of the basic definition of the element. In order to make the use of extensions safe and manageable, there is a strict set of governance  applied to the definition and use of extensions. Though any implementer is allowed to define an extension, there is a set of requirements that SHALL be met as part of the definition of the extension.","There can be no stigma associated with the use of extensions by any application, project, or standard - regardless of the institution or jurisdiction that uses or defines the extensions.  The use of extensions is what allows the FHIR specification to retain a core level of simplicity for everyone.","","","","","","","","",,,,,"","value:url}
","Extensions are always sliced by (at least) url",,"open","Element.extension",0,*,"","","n/a"
"MedicationStatement.dosage.maxDosePerPeriod.numerator","MedicationStatement.dosage.maxDosePerPeriod.numerator","","","",0,1,"","","Y","Quantity {[]} {[]}
","Numerator value","The value of the numerator.","","","","","","","","","",,"required","GstdTabel902","http://decor.nictiz.nl/fhir/ValueSet/2.16.840.1.113883.2.4.3.11.60.20.77.11.27--20160830202453","",,,,"Ratio.numerator",0,1,"","",".numerator"
"MedicationStatement.dosage.maxDosePerPeriod.denominator","MedicationStatement.dosage.maxDosePerPeriod.denominator","","","",0,1,"","","Y","Quantity {[]} {[]}
","Denominator value","The value of the denominator.","","","","","","","","","",,,,,"",,,,"Ratio.denominator",0,1,"","",".denominator"
"MedicationStatement.dosage.maxDosePerAdministration","MedicationStatement.dosage.maxDosePerAdministration","","","",0,1,"","","Y","Quantity {[CanonicalType[http://hl7.org/fhir/StructureDefinition/SimpleQuantity]]} {[]}
","Upper limit on medication per administration","Upper limit on medication per administration.","This is intended for use as an adjunct to the dosage when there is an upper cap.  For example, a body surface area related dose with a maximum amount, such as 1.5 mg/m2 (maximum 2 mg) IV over 5 – 10 minutes would have doseQuantity of 1.5 mg/m2 and maxDosePerAdministration of 2 mg.","The maximum total quantity of a therapeutic substance that may be administered to a subject per administration.","","","","","","","",,,,,"",,,,"Dosage.maxDosePerAdministration",0,1,"","","not supported"
"MedicationStatement.dosage.maxDosePerLifetime","MedicationStatement.dosage.maxDosePerLifetime","","","",0,1,"","","Y","Quantity {[CanonicalType[http://hl7.org/fhir/StructureDefinition/SimpleQuantity]]} {[]}
","Upper limit on medication per lifetime of the patient","Upper limit on medication per lifetime of the patient.","","The maximum total quantity of a therapeutic substance that may be administered per lifetime of the subject.","","","","","","","",,,,,"",,,,"Dosage.maxDosePerLifetime",0,1,"","","not supported"
"MedicationStatement.dosage.rate[x]","MedicationStatement.dosage.rate[x]","","Toedieningssnelheid
Inloopsnelheid","",0,1,"","","Y","Ratio {[]} {[]}
Range {[]} {[]}Quantity {[CanonicalType[http://hl7.org/fhir/StructureDefinition/SimpleQuantity]]} {[]}","AdministeringSpeed","The administering speed is used in slow administration of liquid. In practice, the measuring unit is almost always ml/hour. Entering an interval (such as 0-10 ml/hour) is also a commonly used option. For example, with an administering speed of 10ml/hour: amount = 10, dose unit = ml                 time unit = hour","It is possible to supply both a rate and a doseQuantity to provide full details about how the medication is to be administered and supplied. If the rate is intended to change over time, depending on local rules/regulations, each change should be captured as a new version of the MedicationRequest with an updated rate, or captured with a new MedicationRequest with the new rate.","Identifies the speed with which the medication was or will be introduced into the patient. Typically the rate for an infusion e.g. 100 ml per 1 hour or 100 ml/hr.  May also be expressed as a rate per unit of time e.g. 500 ml per 2 hours.   Other examples: 200 mcg/min or 200 mcg/1 minute; 1 liter/8 hours.  Sometimes, a rate can imply duration when expressed as total volume / duration (e.g.  500mL/2 hours implies a duration of 2 hours).  However, when rate doesn't imply duration (e.g. 250mL/hour), then the timing.repeat.duration is needed to convey the infuse over time period.","","","","","","","",,,,,"",,,,"Dosage.rate[x]",0,1,"","","NL-CM:9.12.19942",".rateQuantity"
